{
    "train_accuracy": 0.95,
    "train_confusion_matrix": [
        [
            40,
            0,
            0
        ],
        [
            0,
            38,
            3
        ],
        [
            0,
            3,
            36
        ]
    ],
    "train_classification_report": {
        "0": {
            "precision": 1.0,
            "recall": 1.0,
            "f1-score": 1.0,
            "support": 40.0
        },
        "1": {
            "precision": 0.926829268292683,
            "recall": 0.926829268292683,
            "f1-score": 0.926829268292683,
            "support": 41.0
        },
        "2": {
            "precision": 0.9230769230769231,
            "recall": 0.9230769230769231,
            "f1-score": 0.9230769230769231,
            "support": 39.0
        },
        "accuracy": 0.95,
        "macro avg": {
            "precision": 0.9499687304565354,
            "recall": 0.9499687304565354,
            "f1-score": 0.9499687304565354,
            "support": 120.0
        },
        "weighted avg": {
            "precision": 0.95,
            "recall": 0.95,
            "f1-score": 0.95,
            "support": 120.0
        }
    },
    "test_accuracy": 1.0,
    "test_confusion_matrix": [
        [
            10,
            0,
            0
        ],
        [
            0,
            9,
            0
        ],
        [
            0,
            0,
            11
        ]
    ],
    "test_classification_report": {
        "0": {
            "precision": 1.0,
            "recall": 1.0,
            "f1-score": 1.0,
            "support": 10.0
        },
        "1": {
            "precision": 1.0,
            "recall": 1.0,
            "f1-score": 1.0,
            "support": 9.0
        },
        "2": {
            "precision": 1.0,
            "recall": 1.0,
            "f1-score": 1.0,
            "support": 11.0
        },
        "accuracy": 1.0,
        "macro avg": {
            "precision": 1.0,
            "recall": 1.0,
            "f1-score": 1.0,
            "support": 30.0
        },
        "weighted avg": {
            "precision": 1.0,
            "recall": 1.0,
            "f1-score": 1.0,
            "support": 30.0
        }
    }
}