{
    "train_accuracy": 0.95,
    "train_confusion_matrix": [
        [
            40,
            0,
            0
        ],
        [
            0,
            38,
            3
        ],
        [
            0,
            8,
            31
        ]
    ],
    "train_classification_report": {
        "0": {
            "precision": 1.0,
            "recall": 1.0,
            "f1-score": 1.0,
            "support": 40.0
        },
        "1": {
            "precision": 0.8260869565217391,
            "recall": 0.926829268292683,
            "f1-score": 0.8735632183908046,
            "support": 41.0
        },
        "2": {
            "precision": 0.9117647058823529,
            "recall": 0.7948717948717948,
            "f1-score": 0.8493150684931506,
            "support": 39.0
        },
        "accuracy": 0.9083333333333333,
        "macro avg": {
            "precision": 0.912617220801364,
            "recall": 0.9072336877214925,
            "f1-score": 0.9076260956279851,
            "support": 120.0
        },
        "weighted avg": {
            "precision": 0.9119032395566923,
            "recall": 0.9083333333333333,
            "f1-score": 0.9078281635437989,
            "support": 120.0
        }
    },
    "test_accuracy": 1.0,
    "test_confusion_matrix": [
        [
            10,
            0,
            0
        ],
        [
            0,
            9,
            0
        ],
        [
            0,
            1,
            10
        ]
    ],
    "test_classification_report": {
        "0": {
            "precision": 1.0,
            "recall": 1.0,
            "f1-score": 1.0,
            "support": 10.0
        },
        "1": {
            "precision": 0.9,
            "recall": 1.0,
            "f1-score": 0.9473684210526315,
            "support": 9.0
        },
        "2": {
            "precision": 1.0,
            "recall": 0.9090909090909091,
            "f1-score": 0.9523809523809523,
            "support": 11.0
        },
        "accuracy": 0.9666666666666667,
        "macro avg": {
            "precision": 0.9666666666666667,
            "recall": 0.9696969696969697,
            "f1-score": 0.9665831244778612,
            "support": 30.0
        },
        "weighted avg": {
            "precision": 0.9700000000000001,
            "recall": 0.9666666666666667,
            "f1-score": 0.966750208855472,
            "support": 30.0
        }
    }
}